kol_account,profile_post_count,last_checked_at,last_changed_at,check_status
adasuper87,1037.0,2026-04-10 00:32:29,2026-04-09 16:22:10,skipped_same_count
meow_ying_,466.0,2026-04-10 00:32:25,2026-04-09 16:22:06,skipped_same_count
brian_diandan,484.0,2026-04-10 00:32:21,2026-04-09 20:09:08,skipped_same_count
lyc._.16,343.0,2026-04-10 00:32:17,2026-04-09 20:09:04,skipped_same_count
_i_i_dayday,615.0,2026-04-10 00:32:13,2026-04-09 22:15:11,skipped_same_count
snoop123v,1307.0,2026-04-10 00:32:09,2026-04-09 16:21:49,skipped_same_count
q1a2z3w4s5x6r,1961.0,2026-04-10 00:32:05,2026-04-09 22:15:03,skipped_same_count
hl_yuan,398.0,2026-04-10 00:32:01,2026-04-09 16:21:36,skipped_same_count
made.with.gold,609.0,2026-04-10 00:31:57,2026-04-09 16:21:32,skipped_same_count
coffeewayne_,65.0,2026-04-10 00:31:52,2026-04-09 16:21:28,skipped_same_count
mmark_hsu,2133.0,2026-04-10 00:31:48,2026-04-09 16:21:23,skipped_same_count
lichenghaos,386.0,2026-04-10 00:31:44,2026-04-09 16:21:19,skipped_same_count
rli.tw,103.0,2026-04-10 00:31:40,2026-04-09 16:21:14,skipped_same_count
lun.tw,699.0,2026-04-10 00:31:36,2026-04-09 16:21:10,skipped_same_count
dylee.an,175.0,2026-04-10 00:31:32,2026-04-09 16:21:06,skipped_same_count
mythekai,239.0,2026-04-10 00:31:28,2026-04-09 16:21:02,skipped_same_count
veedachang_,1817.0,2026-04-10 00:31:24,2026-04-09 16:20:57,skipped_same_count
ujlee0415,544.0,2026-04-10 00:31:19,2026-04-09 22:14:18,skipped_same_count
vigueurchen,56.0,2026-04-10 00:31:15,2026-04-09 16:20:49,skipped_same_count
jefferyjuniorr,1075.0,2026-04-10 00:31:11,2026-04-09 22:14:09,skipped_same_count
c13nn,422.0,2026-04-10 00:31:07,2026-04-09 16:20:41,skipped_same_count
yoona_lalala_,183.0,2026-04-10 00:31:03,2026-04-10 00:31:03,changed_fetching
kcting_____,1168.0,2026-04-10 00:30:59,2026-04-09 20:02:05,skipped_same_count
chjaneen,548.0,2026-04-10 00:30:55,2026-04-09 16:20:28,skipped_same_count
laurenveur,298.0,2026-04-10 00:30:50,2026-04-09 22:13:48,skipped_same_count
zora_1024,1859.0,2026-04-10 00:30:46,2026-04-09 20:07:26,skipped_same_count
zona.ccc,262.0,2026-04-10 00:30:42,2026-04-10 00:30:42,changed_fetching
zoebitalk,1391.0,2026-04-10 00:30:38,2026-04-09 18:25:19,skipped_same_count
yuus2.0,1050.0,2026-04-10 00:30:33,2026-04-09 22:13:31,skipped_same_count
yushit_whonow,35.0,2026-04-10 00:30:29,2026-04-05 03:28:58,skipped_same_count
yuka_wang_,553.0,2026-04-10 00:30:25,2026-04-09 22:13:23,skipped_same_count
yoooniii___,1650.0,2026-04-10 00:30:21,2026-04-09 20:07:01,skipped_same_count
yi_hsien_1123,43.0,2026-04-10 00:30:17,2026-04-05 03:30:32,skipped_same_count
yi_chan_liang,3287.0,2026-04-10 00:30:13,2026-04-05 03:29:43,skipped_same_count
xin_yeee719,670.0,2026-04-10 00:30:09,2026-04-08 03:52:10,skipped_same_count
xiaoawww,562.0,2026-04-10 00:30:05,2026-04-05 03:29:11,skipped_same_count
xbabyx520,254.0,2026-04-10 00:30:00,2026-04-05 03:29:13,skipped_same_count
x.yunny.x,2777.0,2026-04-10 00:29:56,2026-04-10 00:29:56,changed_fetching
wow4ivan,293.0,2026-04-10 00:29:52,2026-04-09 22:12:45,skipped_same_count
woo_hsiang_chun,1161.0,2026-04-10 00:29:48,2026-04-05 03:29:35,skipped_same_count
weiweibig,1311.0,2026-04-10 00:29:43,2026-04-09 18:24:21,skipped_same_count
weiwei4320,1098.0,2026-04-10 00:29:39,2026-04-09 04:30:22,skipped_same_count
wayne__yeah,1388.0,2026-04-10 00:29:32,2026-04-09 22:12:28,skipped_same_count
wangkaiwen820,135.0,2026-04-10 00:29:29,2026-04-05 03:29:03,skipped_same_count
wan_ting_tsai_,142.0,2026-04-10 00:29:25,2026-04-09 16:18:58,skipped_same_count
vv_levia,1302.0,2026-04-10 00:29:20,2026-04-10 00:29:20,changed_fetching
uriko1219,472.0,2026-04-10 00:29:14,2026-04-05 03:29:24,skipped_same_count
tsengsean,1408.0,2026-04-10 00:29:10,2026-04-09 04:31:34,skipped_same_count
thetiffanychen,2170.0,2026-04-10 00:29:06,2026-04-09 22:12:00,skipped_same_count
thedodomen,1133.0,2026-04-10 00:29:01,2026-04-09 22:11:56,skipped_same_count
teacherchiang,1952.0,2026-04-10 00:28:57,2026-04-09 20:05:31,skipped_same_count
tanmilin,1131.0,2026-04-10 00:28:54,2026-04-09 16:18:26,skipped_same_count
tang_ful,1542.0,2026-04-10 00:28:49,2026-04-08 03:54:09,skipped_same_count
syrinxcat,2223.0,2026-04-10 00:28:45,2026-04-05 03:28:54,skipped_same_count
sonia_0929,255.0,2026-04-10 00:28:41,2026-04-09 22:11:34,skipped_same_count
shawn328_,1193.0,2026-04-10 00:28:34,2026-04-05 03:30:39,skipped_same_count
selinalee_0126,299.0,2026-04-10 00:28:30,2026-04-05 03:29:33,skipped_same_count
seaerr__,326.0,2026-04-10 00:28:26,2026-04-09 22:11:14,skipped_same_count
run_fong0526,166.0,2026-04-10 00:28:22,2026-04-05 03:30:27,skipped_same_count
rrei_ier,1525.0,2026-04-10 00:28:17,2026-04-05 03:29:46,skipped_same_count
rockerivanliu,523.0,2026-04-10 00:28:13,2026-04-05 03:30:37,skipped_same_count
reformerz_kior,450.0,2026-04-10 00:28:09,2026-04-05 03:30:41,skipped_same_count
raydenyang,496.0,2026-04-10 00:28:05,2026-04-09 04:26:33,skipped_same_count
qqamy0720,786.0,2026-04-10 00:28:00,2026-04-08 03:53:03,skipped_same_count
qop0102qop,700.0,2026-04-10 00:27:56,2026-04-05 03:29:52,skipped_same_count
qdd_x1,413.0,2026-04-10 00:27:51,2026-04-08 03:53:16,skipped_same_count
plgm_0827,449.0,2026-04-10 00:27:47,2026-04-08 10:23:11,skipped_same_count
pinpin_0522,211.0,2026-04-10 00:27:42,2026-04-05 03:30:33,skipped_same_count
pigcatmama,1113.0,2026-04-10 00:27:38,2026-04-05 03:30:38,skipped_same_count
peeta.gege,874.0,2026-04-10 00:27:32,2026-04-09 18:22:10,skipped_same_count
patrickliu0721,888.0,2026-04-10 00:27:28,2026-04-05 03:29:04,skipped_same_count
orlando_1218,1053.0,2026-04-10 00:27:24,2026-04-09 04:27:19,skipped_same_count
ooxxq60297ya,4572.0,2026-04-10 00:27:20,2026-04-09 20:03:51,skipped_same_count
ntsai25,4630.0,2026-04-10 00:27:16,2026-04-09 22:10:03,skipped_same_count
noloveclub127,31.0,2026-04-10 00:27:12,2026-04-05 03:28:48,skipped_same_count
ning3035,2617.0,2026-04-10 00:27:06,2026-04-08 03:57:14,skipped_same_count
nene_shao,738.0,2026-04-10 00:27:01,2026-04-09 16:16:41,skipped_same_count
myrna.17,542.0,2026-04-10 00:26:57,2026-04-05 03:29:36,skipped_same_count
mrcheu1019,200.0,2026-04-10 00:26:53,2026-04-08 03:59:28,skipped_same_count
mori.s0909,1741.0,2026-04-10 00:26:48,2026-04-05 03:30:31,skipped_same_count
mitayen,781.0,2026-04-10 00:26:44,2026-04-09 22:09:33,skipped_same_count
mimi00419,1354.0,2026-04-10 00:26:40,2026-04-08 03:57:18,skipped_same_count
mia9348,2320.0,2026-04-10 00:26:34,2026-04-09 18:21:17,skipped_same_count
maygobla,1515.0,2026-04-10 00:26:29,2026-04-09 04:27:56,skipped_same_count
m____sir,95.0,2026-04-10 00:26:24,2026-04-08 03:52:54,skipped_same_count
lotmainidea,178.0,2026-04-10 00:26:20,2026-04-05 03:29:28,skipped_same_count
lockingjack,2262.0,2026-04-10 00:26:16,2026-04-09 04:29:37,skipped_same_count
lees_is_me,1462.0,2026-04-10 00:26:11,2026-04-09 22:09:04,skipped_same_count
l1vius07,76.0,2026-04-10 00:26:06,2026-04-05 03:28:40,skipped_same_count
l.chingchun,951.0,2026-04-10 00:26:02,2026-04-08 04:00:56,skipped_same_count
kusowhite,795.0,2026-04-10 00:25:58,2026-04-05 03:30:43,skipped_same_count
kudream,284.0,2026-04-10 00:25:53,2026-04-09 04:30:35,skipped_same_count
ktgn556412,497.0,2026-04-10 00:25:49,2026-04-10 00:25:49,changed_fetching
kiki_theblogger,1410.0,2026-04-10 00:25:45,2026-04-05 03:29:18,skipped_same_count
k3okii,1396.0,2026-04-10 00:25:37,2026-04-05 03:28:45,skipped_same_count
juliamisakii,1822.0,2026-04-10 00:25:33,2026-04-09 20:01:56,skipped_same_count
joliechi,1448.0,2026-04-10 00:25:28,2026-04-09 16:15:06,skipped_same_count
itspeachi_,717.0,2026-04-10 00:25:24,2026-04-05 03:29:25,skipped_same_count
itrainyourmom,252.0,2026-04-10 00:25:20,2026-04-09 20:01:26,skipped_same_count
im_lilflower,129.0,2026-04-10 00:25:15,2026-04-05 03:28:50,skipped_same_count
illywang,703.0,2026-04-10 00:25:11,2026-04-05 03:29:16,skipped_same_count
hungkai.c,206.0,2026-04-10 00:25:07,2026-04-08 03:55:11,skipped_same_count
hsuan09876,284.0,2026-04-10 00:25:03,2026-04-08 03:56:18,skipped_same_count
homei0416,491.0,2026-04-10 00:24:56,2026-04-10 00:24:56,changed_fetching
hoelaine1116,1718.0,2026-04-10 00:24:52,2026-04-09 12:08:52,skipped_same_count
heyheyastor,2585.0,2026-04-10 00:24:47,2026-04-09 22:07:35,skipped_same_count
helloiamhook,1159.0,2026-04-10 00:24:43,2026-04-08 03:54:50,skipped_same_count
gracechiang105,174.0,2026-04-10 00:24:38,2026-04-05 03:30:29,skipped_same_count
goldfishbrain17,946.0,2026-04-10 00:24:34,2026-04-09 20:00:38,skipped_same_count
giseleeel,401.0,2026-04-10 00:24:30,2026-04-09 20:00:33,skipped_same_count
gemma_chang,867.0,2026-04-10 00:24:25,2026-04-09 04:33:12,skipped_same_count
gdan_pudding,1372.0,2026-04-10 00:24:21,2026-04-05 03:29:15,skipped_same_count
frannie0420,191.0,2026-04-10 00:24:17,2026-04-05 03:28:52,skipped_same_count
fc313,72.0,2026-04-10 00:24:12,2026-04-05 03:28:58,skipped_same_count
evasports_,1812.0,2026-04-10 00:24:09,2026-04-10 00:24:09,changed_fetching
evalin555,2470.0,2026-04-10 00:24:04,2026-04-08 03:59:02,skipped_same_count
ethan_hung3513,225.0,2026-04-10 00:24:00,2026-04-08 03:59:24,skipped_same_count
elun1020,1076.0,2026-04-10 00:23:53,2026-04-09 18:18:44,skipped_same_count
ellington20,513.0,2026-04-10 00:23:49,2026-04-08 04:01:04,skipped_same_count
ellieciouss,4367.0,2026-04-10 00:23:42,2026-04-09 22:06:33,skipped_same_count
elephant_gogo,1910.0,2026-04-10 00:23:37,2026-04-09 22:06:28,skipped_same_count
dododo_yu,1112.0,2026-04-10 00:23:33,2026-04-08 03:52:37,skipped_same_count
diamond1018,1323.0,2026-04-10 00:23:29,2026-04-05 03:30:49,skipped_same_count
dayxcx_n,178.0,2026-04-10 00:23:25,2026-04-05 03:30:32,skipped_same_count
david_der_der,817.0,2026-04-10 00:23:16,2026-04-05 03:29:19,skipped_same_count
da_chien_huang,502.0,2026-04-10 00:23:09,2026-04-08 03:51:53,skipped_same_count
cody.0928,70.0,2026-04-10 00:23:05,2026-04-05 03:28:49,skipped_same_count
clio1008,890.0,2026-04-10 00:23:01,2026-04-08 03:59:50,skipped_same_count
cindyhhh32,1689.0,2026-04-10 00:22:57,2026-04-09 22:05:55,skipped_same_count
cinderzoee,857.0,2026-04-10 00:22:53,2026-04-09 22:05:51,skipped_same_count
chuyo622,4206.0,2026-04-10 00:22:48,2026-04-09 18:17:45,skipped_same_count
chiao_w,2162.0,2026-04-10 00:22:44,2026-04-05 03:29:50,skipped_same_count
cheng4fake,444.0,2026-04-10 00:22:40,2026-04-08 03:53:55,skipped_same_count
chelseafoodlife,2029.0,2026-04-10 00:22:35,2026-04-09 22:05:32,skipped_same_count
ch.ineffable,1151.0,2026-04-10 00:22:31,2026-04-08 03:59:37,skipped_same_count
cailingliou,879.0,2026-04-10 00:22:27,2026-04-08 03:55:33,skipped_same_count
bumpbro,14.0,2026-04-10 00:22:22,2026-04-08 03:59:16,skipped_same_count
brightlife_magrate,835.0,2026-04-10 00:22:17,2026-04-05 03:30:44,skipped_same_count
arielsvlog_816,1423.0,2026-04-10 00:22:13,2026-04-09 19:58:20,skipped_same_count
apple_misscrazy,1700.0,2026-04-10 00:22:08,2026-04-08 03:54:18,skipped_same_count
annie19880521,1238.0,2026-04-10 00:22:04,2026-04-09 04:33:07,skipped_same_count
althea_hsingan,2094.0,2026-04-10 00:22:00,2026-04-09 22:04:55,skipped_same_count
aliceeecccc,3244.0,2026-04-10 00:21:56,2026-04-09 22:04:51,skipped_same_count
alferdpacker69,994.0,2026-04-10 00:21:51,2026-04-09 04:33:16,skipped_same_count
51yui_,483.0,2026-04-10 00:21:47,2026-04-10 00:21:47,changed_fetching
2.20_l,1987.0,2026-04-10 00:21:43,2026-04-10 00:21:43,changed_fetching
16v0_0v16,183.0,2026-04-10 00:21:39,2026-04-05 03:29:00,skipped_same_count
1_shiuan_0,2978.0,2026-04-10 00:21:31,2026-04-09 04:29:41,skipped_same_count
_nakaw,108.0,2026-04-10 00:21:26,2026-04-05 03:28:57,skipped_same_count
___hsun____,1610.0,2026-04-10 00:21:21,2026-04-09 04:30:51,skipped_same_count
