kol_account,reels_shortcode
homei0416,DWtMKHYkjlD
yoooniii___,DWp76lzkwiz
homei0416,DWp8N7DzqWc
apple_misscrazy,DWoUWrrE8un
2.20_l,DWoTfDtCQg8
althea_hsingan,DWoS0TPEyWp
wow4ivan,DWoPXpfky77
seaerr__,DWoO9DCyntz
xbabyx520,DWoGI1iCSDv
yoooniii___,DWoGRUtE2bj
da_chien_huang,DWn50R4SuOr
plgm_0827,DWnqoqVkX-L
tang_ful,DWnbjankwpO
homei0416,DWlwhidEl7Q
althea_hsingan,DWlwWKAk3hH
wow4ivan,DWlqX3yEwdZ
hungkai.c,DWliwYThuSB
homei0416,DWlJh8VEqXj
qdd_x1,DWjQFUGCQ1b
plgm_0827,DWjN7G5khQJ
xin_yeee719,DWjF34akr-4
homei0416,DWjC2e8k_S6
yuus2.0,DWi_O8yD2qO
apple_misscrazy,DWiObFjhVF3
seaerr__,DWg-3ChP_kJ
2.20_l,DWgnPL0CYTE
wow4ivan,DWghR0Fk4GT
yuus2.0,DWgfbz9j2m7
tang_ful,DWgSHk9E03s
weiweibig,DWgRXvskqrJ
xbabyx520,DWgD04iExOI
seaerr__,DWeE07rklED
tang_ful,DWbNhPcEwNT
raydenyang,DWY4e4lyX2l
yoooniii___,DWYqNVwE3mI
weiweibig,DWYmGYbkThd
gdan_pudding,DWYR7esk642
plgm_0827,DWX6pA8zbet
maygobla,DWWTH4mEdw4
itrainyourmom,DWWSY0YE8p8
mitayen,DWWIUvpxTpv
wow4ivan,DWWGpIZk_ja
wayne__yeah,DWTu2s4Elt9
yoooniii___,DWTqNG4k7NV
mitayen,DWTlfWgEuYB
tang_ful,DWTabDVkvUb
qdd_x1,DWSxGmICe2e
wayne__yeah,DWRLIHmEvqp
tang_ful,DWQ-wOVExFb
weiweibig,DWQ1q-SkazX
yoooniii___,DWOmBR9E9jO
maygobla,DWOSKrGkXmo
2.20_l,DWMFtk1iYCA
tang_ful,DWMBe8Kk4rW
2.20_l,DWJd-CrCV_B
mitayen,DWJWfxNkgue
althea_hsingan,DWG2VexPzVE
xin_yeee719,DWGoV59ErtN
syrinxcat,DWEZhZ-gabO
yuus2.0,DWEKw_vj_Ye
wayne__yeah,DWBta3xD4ea
weiweibig,DWBT0aPkl0g
plgm_0827,DWA9NDRk18e
tang_ful,DV-450dkw4p
dododo_yu,DV-xAhGAYnF
weiweibig,DV-0NKmEegk
im_lilflower,DV-Kqspk_bl
yuus2.0,DV8YGPUD-ur
kiki_theblogger,DV8P-X2gdBc
syrinxcat,DV6FkpfgTEm
qdd_x1,DV55Do2iagP
gdan_pudding,DV535Enk4rY
tang_ful,DV3OXLZkwH4
noloveclub127,DV2y7Q9EVu_
plgm_0827,DV2qC4EE3lF
xin_yeee719,DV2bvxmkmSR
kiki_theblogger,DV05t2IAbxx
wangkaiwen820,DV0s7P2k1fA
maygobla,DVySEI7kfJk
dododo_yu,DVyRBOmgU3K
xin_yeee719,DVyJqDvkn79
yuus2.0,DVyEfyDD8NW
plgm_0827,DVxgd_0EwaR
dododo_yu,DVvsTyPAXPN
apple_misscrazy,DVtJQbsExLj
noloveclub127,DVtFLoVETX4
plgm_0827,DVsJI2YE-QL
yuus2.0,DVqYK0aj9sW
orlando_1218,DVqO9VLEXTi
51yui_,DW20IJ8gVmQ
51yui_,DW0Qp76Aans
zona.ccc,DW1QxiAkd7G
hoelaine1116,DWfpAvlTgR5
ooxxq60297ya,DW2yhmGgFoh
ooxxq60297ya,DW0ubcmj555
ooxxq60297ya,DW0MoC0CSU5
seaerr__,DWylT3ZDCb8
wow4ivan,DW3tQjWE3G8
mitayen,DW1HIKDkoUo
qqamy0720,DW0648Tk5i-
qdd_x1,DWwAtTViRcI
althea_hsingan,DW1MrMsPMBL
althea_hsingan,DWyqnm-kzpj
althea_hsingan,DWjFXqBE_BM
althea_hsingan,DW3xd1mPNWC
2.20_l,DW3ywvVib-w
homei0416,DWnXcNlkvwl
homei0416,DW3oB5WkmIh
homei0416,DW3nyA8kbZF
maygobla,DW33a_ekXAS
maygobla,DWy1CwmiW5C
maygobla,DWqGxRgkTA6
wayne__yeah,DW3yFxoEngm
wayne__yeah,DWluRtFkiHw
wayne__yeah,DWjLpK-kves
kcting_____,DW3sUTCCW4u
kcting_____,DWwGlo4iUdB
kcting_____,DWlk7R1CROZ
joliechi,DW39EUuiZlF
teacherchiang,DW4C6LLjwPO
teacherchiang,DWysz8VjywQ
teacherchiang,DWtW6BJDy81
ellieciouss,DW3yQ30j6DB
ellieciouss,DW1Qj43j9CT
ellieciouss,DWynuAUjyYs
zona.ccc,DWqh7YKE7IF
cinderzoee,DW1P633j-SJ
cinderzoee,DWoXyjjj2rz
cinderzoee,DWjOYMGgdVF
1_shiuan_0,DW3wwj1EWLc
aliceeecccc,DViYfVfEdT4
aliceeecccc,DW3vZ6Yk1Ba
heyheyastor,DVckWBtj8Lt
kudream,DW3qmeXlGk0
kudream,DWBY47kjbZ3
___hsun____,DW3qOo1E6O0
___hsun____,DWwDVpOE63X
juliamisakii,DWTn8neSffT
lees_is_me,DW38PrEk8z1
lees_is_me,DW1O-YjE5y7
lees_is_me,DWy1Klhk8Rc
tsengsean,DW3cwNXgfAE
tsengsean,DWvOVchgQCb
annie19880521,DW30gZDExaD
annie19880521,DW0xlzfk9LB
annie19880521,DWwaa39kzjF
gemma_chang,DW3T-8mE-1Z
gemma_chang,DVYBW8kk964
alferdpacker69,DW3P4Mxgkaz
alferdpacker69,DWhHd46CUKN
alferdpacker69,DWe-GcjEpYP
elun1020,DW3mBFFTuaw
hoelaine1116,DW5YuYIj_v3
hoelaine1116,DW20DgdD0Ok
hoelaine1116,DW0QQBED2aG
joliechi,DW5cB_qCdWB
nene_shao,DWtVC3kDLWS
nene_shao,DWl45yZDIg_
ooxxq60297ya,DW5bk7IDiSK
tanmilin,DW5e4ljk4HM
tanmilin,DVYZv4kE0Hf
wan_ting_tsai_,DWbQCcvDmlJ
wan_ting_tsai_,DWV6rVVDird
wan_ting_tsai_,DWEBOqiFGrA
laurenveur,DW1HdEiEhN8
laurenveur,DWy9up4kgZ5
laurenveur,DWts6A8keh2
c13nn,DWypDLiE5cS
c13nn,DWq5ku3EyYD
c13nn,DWlxRAkk7R9
jefferyjuniorr,DW3xaf2pdQB
jefferyjuniorr,DW1MwPtpKdz
jefferyjuniorr,DWyoLAJJf46
lun.tw,DW1Juu2DB5v
lun.tw,DWylitHDAQB
lun.tw,DWwAYQKDNGv
coffeewayne_,DVlHkbukwnM
hl_yuan,DW3eGXWCbo6
hl_yuan,DWyUjtPCe6L
hl_yuan,DWtLBlGCc3P
snoop123v,DWvsGo4Euut
snoop123v,DWlpZ5Wkul9
snoop123v,DWjJWQpkrVC
_i_i_dayday,DW3yhWmkn14
_i_i_dayday,DW1NIeIEgJX
_i_i_dayday,DWyoOiBgQxZ
lyc._.16,DW3xaf2pdQB
lyc._.16,DW09o1nDPlQ
lyc._.16,DWv40l_DLJo
brian_diandan,DW3xRzYjASC
brian_diandan,DWylT3ZDCb8
elun1020,DW3rHf6k7hI
weiweibig,DWRD6aHEszj
weiweibig,DW6BxePkjZ9
arielsvlog_816,DW6CJMFklp9
arielsvlog_816,DWyVnKJknaI
arielsvlog_816,DWoHTpVku9t
kcting_____,DW6LapWCTui
ooxxq60297ya,DW6Js9TlOlP
teacherchiang,DW6G249lbNW
yoooniii___,DW6OaHJkzfb
yoooniii___,DW1HjYtE2e-
yoooniii___,DWwEbpXk7bI
yuus2.0,DW6Ms3Xj-7s
yuus2.0,DW1BIBSj4la
yuus2.0,DWoPFHGD0s8
zora_1024,DW6GwUigTOC
zora_1024,DWyw5QimKlW
zora_1024,DWvHAhYGA9U
lyc._.16,DW6Fq_IScs3
brian_diandan,DW6PVcHiSIb
aliceeecccc,DW6XmGJDw0v
althea_hsingan,DW6WK8uPoAX
chelseafoodlife,DW6VSgVk3Nr
chelseafoodlife,DWv8Mvbkxd0
chelseafoodlife,DWtnTzzE1ov
cinderzoee,DW6XJl7j8cT
cindyhhh32,DW6SD1ckxU1
cindyhhh32,DW1RFXrE7PB
cindyhhh32,DWWW96nkzKF
ellieciouss,DW6Wxwqj-K7
lees_is_me,DW6bk-IE-m3
ntsai25,DW6Z5nck4fF
ntsai25,DW1H1R0k2Y9
ntsai25,DWoAlxokwpk
thedodomen,DW6Wv12J6XD
thedodomen,DWyortVj1Mf
wayne__yeah,DW6WxxIJRms
yuus2.0,DW6WvVvj42Z
laurenveur,DW6VTfCkWVV
jefferyjuniorr,DW6WRQ0JKYM
_i_i_dayday,DW6YeyEEn7P
2.20_l,DW6Tr22idTW
51yui_,DWybf8oFMxi
vv_levia,DW6sDLVk-xG
vv_levia,DW1UFRXEzj0
vv_levia,DWgvvqAk7qx
zona.ccc,DW6PLILEyoO
51yui_,DW79gHugehL
elun1020,DW792GMEzQB
hoelaine1116,DW79Sg0D74o
ooxxq60297ya,DW7-Fy2gDyV
plgm_0827,DW8FPlIzLWC
plgm_0827,DW2NvI6kg8k
ch.ineffable,DW8SWl7EfKs
ch.ineffable,DWxv3DXkcq1
ch.ineffable,DWv9lAcEW-U
ooxxq60297ya,DW8dUVblAfO
tsengsean,DW8gt2pgbbd
uriko1219,DW8OGwwkynP
uriko1219,DWlPInkE17Y
aliceeecccc,DW8oIxuES71
apple_misscrazy,DWkJcgziaBG
apple_misscrazy,DW8ntFXk7uF
apple_misscrazy,DWxkxKvExUu
xin_yeee719,DW8kTS-EqQl
xin_yeee719,DW1IewSkiMR
xin_yeee719,DWwBzPPkmGF
yi_hsien_1123,DW8pfgjk82R
yi_hsien_1123,DWyQHOGE4AG
yi_hsien_1123,DWvapRLkxCF
hl_yuan,DW8rNM8iUcG
snoop123v,DW8kLnXkn27
cailingliou,DW8ueRdE8bU
cailingliou,DW1LWenEzmy
cailingliou,DWwTgmSk5NM
qop0102qop,DW8zLSFFF27
qop0102qop,DWWUw0LlKZW
qop0102qop,DWOaEZLgjXg
lyc._.16,DW8xQ0oy0cZ
althea_hsingan,DW87B9svm6u
kcting_____,DW83638Cfh-
kiki_theblogger,DVVSoMkEkEI
nene_shao,DW81PhLE-pv
rrei_ier,DW87lmDj28h
rrei_ier,DWthgjhj3TX
rrei_ier,DWWgDesD2cS
thedodomen,DW8_BJWkgI_
wayne__yeah,DW89RoxEkRq
yoooniii___,DW8684Wj_ma
c13nn,DW88myukwL1
jefferyjuniorr,DW87IaBpKWA
_i_i_dayday,DW86zVTkr_s
brian_diandan,DW81psvkWB5
ellieciouss,DW9Ad5SDwZb
joliechi,DW8_ZN9iYez
lees_is_me,DW9AOpuk_y8
annie19880521,DW9OzQZk0wS
aliceeecccc,DW-kY9hEXtH
ning3035,DW-5Us0D1Gi
ning3035,DWvyzCkD8jc
ning3035,DWoCyiBD0Ou
ooxxq60297ya,DW-zd6xAOyM
tanmilin,DWte0Kjk7_b
rrei_ier,DW-_wU6Dzd5
illywang,DW_EzDxkZQZ
illywang,DVvO2RFDiJ1
illywang,DVe68V4E-Ef
yi_hsien_1123,DW_H6MJk2fh
mimi00419,DW_L3zyCd0H
mimi00419,DWyjCLYGAHL
yoooniii___,DW_PNWDD4zB
nene_shao,DW_SCvZkx8X
annie19880521,DW_e_bWkyUs
ch.ineffable,DW_XDYJEcR8
ooxxq60297ya,DW_a2FPFGCH
patrickliu0721,DW1HUoRgbwN
patrickliu0721,DWyl9I5AXdT
patrickliu0721,DWoYPB9gZkK
sonia_0929,DW_gzMijz7A
syrinxcat,DWod7jZlAb9
wayne__yeah,DW_guz5Epbv
jefferyjuniorr,DW_gI5Apyr4
_i_i_dayday,DW_hdJ4kltD
2.20_l,DW_hLbtCXCV
ellieciouss,DW_mlvdj3hh
patrickliu0721,DW_iiyEgTNm
xbabyx520,DWOWGNOE8GR
xbabyx520,DWBlJtzk8QJ
lyc._.16,DW_iFg5jL2W
annie19880521,DW_yQriEw-H
lees_is_me,DW_sUKlEwYB
myrna.17,DW_uz7Dj_tl
myrna.17,DWoNqUXD4as
myrna.17,DWlUwNWDyOL
alferdpacker69,DXAMYCkj77r
chelseafoodlife,DW87iz-TaXL
hoelaine1116,DXBHblwD0c9
yoooniii___,DXBKlhRk_SS
lyc._.16,DXBMAoXjKDo
51yui_,DXBqzwxAXsc
wan_ting_tsai_,DXBsLuTlZU1
aliceeecccc,DXBzGylkVzA
gdan_pudding,DWkJcgziaBG
gdan_pudding,DXBz20yEwkt
gdan_pudding,DWtc5Itk58r
kcting_____,DXBy189iQ4Q
qop0102qop,DXB6IFbFOsJ
weiweibig,DXB2_rdkuYA
hl_yuan,DXBzP60iWtu
arielsvlog_816,DXCA7PuEkaD
itspeachi_,DXCCxxskW5C
itspeachi_,DWoNqwCkbuK
itspeachi_,DWYssbuEWNT
teacherchiang,DXCFjQsjwGZ
xin_yeee719,DXCFwPmEo66
jefferyjuniorr,DXCFBJZJe5A
coffeewayne_,DXB9PUEkznP
_i_i_dayday,DXCFGXTEvvs
brian_diandan,DXCEl-PzVSg
2.20_l,DXCHqD-ieY2
althea_hsingan,DWiSQTTk-QU
annie19880521,DXCMaStk5C2
ellieciouss,DXCLlQoD8Vd
lees_is_me,DXCKcXNk3Lj
m____sir,DXCIGWckzSx
m____sir,DWwAGtek42o
m____sir,DVbEkEPE6VC
maygobla,DXCJiz3mDid
ntsai25,DXCIEaWk9hf
qdd_x1,DXCP-UlCQVK
wayne__yeah,DXCH2JfEgOc
zora_1024,DXCNwUUFKcE
vv_levia,DXCVJ87EySI
im_lilflower,DXCcQIUk5RT
im_lilflower,DWolxNYE_Gr
homei0416,DXDhvfgEvTu
ooxxq60297ya,DXDjQCWGZTC
51yui_,DXDsW5hgffp
aliceeecccc,DXDocadkc5L
hoelaine1116,DXDsxUSD9Yx
homei0416,DXDxF3wEtwv
chelseafoodlife,DXEOjzYTwae
elun1020,DXEOi70ExDs
ooxxq60297ya,DXEIWlylLg4
clio1008,ClQVFcRviWC
clio1008,DXEPJchD6Wk
clio1008,DW1XqoYj-gC
lockingjack,DIJaYMQh_E1
lockingjack,DUOZg1mk7tJ
lockingjack,CrqAnTAODUi
pigcatmama,DXEZ77xkV2152FkYnsFYfqps25uBCrHDt07Boo0
pigcatmama,DW-dJXAE0O6
pigcatmama,DWm-Qq6E9xw
tang_ful,C_Xvfd6TtoV
tang_ful,CzddopMp6wM
tang_ful,CxAihaKJE06
tsengsean,Cm6MhvlvtXR
tsengsean,DXERFLogY8L
yuka_wang_,DTaMB1qjxNv
yuka_wang_,C5K9z66P6-v
yuka_wang_,CTMRv2-hJAR
yuus2.0,DXEaJw1D3w7
mythekai,DKZY2pgTpm2
mythekai,DL7RbUfTIBA
mythekai,DLzdrrvTxRH
lyc._.16,DXEeCtyjO_j
___hsun____,DEcykTYSUwK
___hsun____,DXEl2DLkwWc
1_shiuan_0,DNLCqXyPrte
1_shiuan_0,DMiWlZ2vZnS
1_shiuan_0,DXEqV72ETtp
2.20_l,DE7SrKLvdJM
2.20_l,C2M6_U4PNCK
2.20_l,DXEqRwYCWHt
aliceeecccc,DUlF6IRE__t
aliceeecccc,DXEqOIPDygo
althea_hsingan,DXEryLjEwGy
da_chien_huang,DQgsyyok3GR
da_chien_huang,DIp3jYSoXoi
da_chien_huang,C_InLzoS5tl
ellieciouss,DXEuuOCjUdX
evalin555,DXEiyu9ERLV
evalin555,DWxj4V3Eq5f
evalin555,DWu8Kmdkkew
evasports_,DNQDA6FSEi2
evasports_,DKOn4epSla9
evasports_,Cqx1RgJyzuh
heyheyastor,DOTaZVyE45F
heyheyastor,Ci2h3qiJDRq
ntsai25,DXEl7pZk5T8
qqamy0720,DXEVLT0E2DY
qqamy0720,DWoIZ25lGPt
selinalee_0126,DXEo4UCAi_s
selinalee_0126,DWdcFbpGum6
selinalee_0126,DWThzZSAnFP
teacherchiang,DXEo6KBj7vp
thedodomen,DJWnIoSz4Oz
thedodomen,DXEqKSxDeja
wow4ivan,DKhZUHRB9KN
wow4ivan,DRhXRrMk83e
wow4ivan,DTiIotLE94Q
yoooniii___,DXEhlGlk_Jc
zora_1024,DXEqP5NFJjJ
jefferyjuniorr,DXEpuN_pIvW
ujlee0415,DQB2812EibZ
ujlee0415,DE1oXbazwGT
ujlee0415,C2XWP9tS3OU
lun.tw,DXEpdAsE7YO
snoop123v,DXEgtWBD0L2
_i_i_dayday,DXEp8o4kldr
brian_diandan,C_xq49fyKFc
brian_diandan,DXEpJg7mAJr
cindyhhh32,DXE1D4sk9XS
lees_is_me,DXEz5OYE0mK
seaerr__,DTprXGRjx6E
seaerr__,C7bfuXSSvSc
seaerr__,B8D86aGBMFi
wayne__yeah,DXEwPpbkqtm
meow_ying_,DN5OPtGEqwi
meow_ying_,DMaA9DXTYJN
meow_ying_,DILvC-Ozjap
coffeewayne_,DMFk2tTSGVd
zona.ccc,DB8uvb7S433
syrinxcat,CwK0EtcLzKM
syrinxcat,DGVmIlrz16Z
alferdpacker69,DXFu3TuE27z
annie19880521,DXGDIqxE06M
brightlife_magrate,DWojJC5idCO
brightlife_magrate,DB_BYtvhM2z
brightlife_magrate,DSWZe_Gkyo_
hoelaine1116,DXGQ5w8j-qJ
illywang,DXGP_pjEzie
tsengsean,DXGSS4nAWoZ
ooxxq60297ya,DXGjJCalMrn
mia9348,DUAlFbOEnP4
mia9348,COKlZ-KJTGt
mia9348,CikCuvMp9Ok
juliamisakii,DLPhb9wPbmn
juliamisakii,CtToVJQyZ2F
kiki_theblogger,DUQUjKaEj0x
kiki_theblogger,DN2qZOM5CwN
teacherchiang,DXG9nfuDA09
thedodomen,DXG6JdXTrrL
zoebitalk,DSKMdhKiF6D
zoebitalk,DBv1wbwTx41
zoebitalk,CWOdPTQvvU8
jefferyjuniorr,DXG58WBpauN
hl_yuan,DXG9AiHiUQC
lyc._.16,DXHBAi1yElc
2.20_l,DXHJhSsjdVf
althea_hsingan,DXHPfXXk7tV
chelseafoodlife,DXHO0JyTYg8
cheng4fake,DNqF_H8P-8Q
cheng4fake,DL9kQslP-D1
cheng4fake,C_vPU8xSOYq
cinderzoee,DXHRH3-jz1Z
ellieciouss,DXHQ5IFD7KA
giseleeel,DEUkzFjz7ks
giseleeel,DJBl18bz3KK
giseleeel,C8RwG2yP64m
gracechiang105,DTusokmkha1
gracechiang105,DTSolPnksfT
gracechiang105,DOvkEU5Eg4c
joliechi,DO5vqLWiWdQ
joliechi,DO-52wZiSIh
joliechi,DXHOQOtCUSU
l1vius07,DXHEbosk5Ka
l1vius07,DWWJdkkE7os
l1vius07,DV8J3_bEzCh
maygobla,DXHJQn-iQ1h
mitayen,DUK--uvkVZ2
mitayen,DRKAVrwkliA
mitayen,DFQFE2vSiub
ntsai25,DXHS1uICET-
qdd_x1,DH5vMVuznAP
qdd_x1,DPLKm3AEtDB
qdd_x1,DXHJbkJif0c
raydenyang,DP_eHUSCYur
raydenyang,DOgMrcbiWYp
raydenyang,Ctth9zYhUTe
syrinxcat,DXHRLk5FGGU
thetiffanychen,DL4iBF4Stxg
thetiffanychen,DLr_KFCS4IT
thetiffanychen,DHTUPTmyH3F
weiwei4320,C1MkL72viB0
weiwei4320,CzoK7W-Ptcx
weiwei4320,CkvH3PWP5Iz
yoooniii___,DXHKFh2E6NU
veedachang_,DEkLWi_TPXq
veedachang_,C_8GhRsz-LB
veedachang_,DFIKdHBzNt4
lun.tw,DXHIfI7E9Ss
rli.tw,DOlFF0UElBt
rli.tw,DTNPq4NEua2
rli.tw,DUNt1qeErWC
snoop123v,DXHGmskkj8S
_i_i_dayday,DXHPCEwkhuf
brian_diandan,DXHPr37TUJQ
adasuper87,Csya2EpNcRk
adasuper87,Cjsf4Y8v4TM
adasuper87,Cho_5tFKG3o
lees_is_me,DXHaFWQkytx
wayne__yeah,DXHWyCzEq6d
x.yunny.x,DIYvaJdyO3U
x.yunny.x,Crub4aIv7zr
x.yunny.x,CtEp_kIPo-o
laurenveur,DXHbXV3ktCU
q1a2z3w4s5x6r,DREzsLHiBMX
q1a2z3w4s5x6r,CwNSahfyWdY
q1a2z3w4s5x6r,Cb31M2LLYBt
ellieciouss,DXHnARAj1zb
itrainyourmom,DL7YtfJTwJO
itrainyourmom,DFZZtsZzgvb
itrainyourmom,C7cDym9PCo1
51yui_,DXI1vaagd02
hoelaine1116,DXI2BzFjwM_
peeta.gege,DTrjKguAVAe
peeta.gege,DKHkB3MMYdv
peeta.gege,DSgsDsLAVhd
mmark_hsu,DQVlEpZj1bj
mmark_hsu,Cx23jzrPrKj
mmark_hsu,Cb7O3aXv-Vg
goldfishbrain17,DRPEuE9kY_Q
goldfishbrain17,DN5ej4okzu9
goldfishbrain17,DSOl57Ukxa3
xbabyx520,DXJFSq4EyDH
ooxxq60297ya,DXJXvk9FIJD
elun1020,DLCpcGXyZbp
elun1020,DUDeEjxEy2U
elun1020,DXJcQqbzpQd
nene_shao,C6vnjS3viaj
nene_shao,DXJfj8ik8xV
orlando_1218,DRuI7kojqwY
orlando_1218,DMpm55CyIXl
orlando_1218,C7ijnNFyGTb
zona.ccc,DXJkLGSD6MV
lyc._.16,DXJe8SzGEuS
___hsun____,DXJ2PRHExVy
2.20_l,DXJ0AamCX_e
aliceeecccc,DXJz2h7D5bF
althea_hsingan,DXJy9bWPI17
ch.ineffable,DXJzDoPEQP7
chelseafoodlife,DXJz63Sk6oT
elephant_gogo,C3AsbJtPtyz
elephant_gogo,DKUWvJrqMoN
elephant_gogo,CZE7zGONSi3
k3okii,C89aiyOSe1t
k3okii,DCWp9J-zLzV
k3okii,C5x4mgvylXo
lees_is_me,DXJzOWGk7r-
mimi00419,Cyu7Po0rzJk
mimi00419,DXJrh1_DeJ7
myrna.17,DXJ4QHXj42c
ning3035,DXJrMggj84Y
ooxxq60297ya,DXJz3fijAAG
qdd_x1,DXJvH8ViWjK
rrei_ier,DXJ03LXj_5E
selinalee_0126,DXJlTt1E4vp
sonia_0929,DTu6MeXj9aL
sonia_0929,DR9isiHj7vb
sonia_0929,DMUpVQ-yZDR
teacherchiang,DXJzm8wjP34
wayne__yeah,DXJ2H26Ekj3
xin_yeee719,DXJvNXTEjhc
yi_chan_liang,DXJqds7EcAr
yi_chan_liang,DWq48aZkUal
yi_chan_liang,DWjJNcKkZu6
yoooniii___,DXJsl-Jj-Pc
laurenveur,DXJtFUbkXew
chjaneen,DKHfjVNJhRN
chjaneen,DOBV-aCiXYp
chjaneen,DOGRFCpCbAQ
jefferyjuniorr,DXJzk58pEqt
dylee.an,DXJspdOhsZz
dylee.an,DXCHWE5iVG3
dylee.an,DUs72gViTRK
coffeewayne_,DXJo-jEgArP
_i_i_dayday,DXJzn8JEgk0
annie19880521,DXJ7UZUkxTS
ellieciouss,DXJzcqIj9al
yoona_lalala_,DOTXAm7kktN
yoona_lalala_,DNx_iwtZDeO
yoona_lalala_,DMXtthMSr-z
im_lilflower,DXLb7pXE8df
xbabyx520,DXLfyTDk7-M
annie19880521,DXLtjrykxvv
ch.ineffable,DXLpbKpkTD6
ooxxq60297ya,DXLwFkOlOTs
uriko1219,C3exZZvvr1-
uriko1219,DXLuSZjk0Pv
chelseafoodlife,DXL8RXCTyuG
elun1020,DXL9XjJzaOq
chuyo622,DKFEPY-P6Tq
chuyo622,DGe6tYWPJnD
chuyo622,CrufpniOO8f
ellieciouss,DXMD2Npgt1-
ning3035,DXMEu47D_Y4
thedodomen,DXMI73Oktj9
yushit_whonow,DPjDwyqE4yx
yushit_whonow,DNnZQu6vqIJ
yushit_whonow,DNStJ6ZP5Fq
jefferyjuniorr,DXMDep9Jjpn
hl_yuan,DXMINh8CRCb
2.20_l,DXMX3dLCbGu
althea_hsingan,DXMXzm3vpL_
apple_misscrazy,DXMVHMME2sk
ch.ineffable,DXMUZ4WEY8H
evalin555,DXMRr1jEUbF
gdan_pudding,DXMaGr1k3s4
homei0416,DXMNneLk9HU
kcting_____,DXMehn6iYTf
maygobla,DXMYTs-EYr4
ntsai25,DXMduimk_GC
wan_ting_tsai_,DXMUpVhFC-m
yoooniii___,DXMWOoUE2er
laurenveur,DXMScHYEY4u
lun.tw,DXMPo1aE3le
_i_i_dayday,DXMYg7-Eg7i
brian_diandan,DXMYZvKESmT
1_shiuan_0,DXME3SiJAJ6
cinderzoee,DXMfIW8DxQy
lees_is_me,DXMgEfpkxIu
tanmilin,DXMkKQaky0s
teacherchiang,DXMepN_gkGD
vv_levia,DXMl1WXEzCs
homei0416,DWJeqBckhkI
homei0416,DWBEzXIkuEW
homei0416,DV5sNfaEp5o
nene_shao,DXMzBU0jzTe
bumpbro,DTqcYFlE26q
bumpbro,DCUB1WYPT4F
bumpbro,DBvkjURvlND
51yui_,DXN--CRgYia
plgm_0827,DXN_ZMHTBIr
plgm_0827,DXHind6jy6_
annie19880521,DXODAjoj59re2srwWu460rCAhFLPwWGSApeVvw0
cindyhhh32,DXOQGmWE1bd
gdan_pudding,DXOgrSREwdo
althea_hsingan,DXOsmzgE34X
annie19880521,DXOpxM8E21X
elun1020,DXOomsWS7g9
homei0416,DUuyxo2ksCD
lotmainidea,DXOvaymj0vO
lotmainidea,DWd0zYiDyvA
lotmainidea,DWJPowsD0jf
myrna.17,DXOwFdQj7Mi
thedodomen,DXOolfIz1ig
xin_yeee719,DXOrU_FEscA
jefferyjuniorr,DXOolC4Cco1
dylee.an,DUdSQ2giZVX
_nakaw,DXO-tZimTdy
_nakaw,DWbgGHFk56u
_nakaw,DWY9MbjksrW
cody.0928,DXO-uDtD1l1
cody.0928,DVpvS1dGmkY
cody.0928,DP6PyieD3ZC
ellieciouss,DXO7dTfjzlM
gdan_pudding,DXO9aNlE3mS
homei0416,DXO0SFSiRsN
myrna.17,DXO0pP_Dxbx
ooxxq60297ya,DXO-EuwFHb7
rrei_ier,DXO-2UAj4xh
wangkaiwen820,DLHxFeUTBcA
wangkaiwen820,DUsnzsvEx8h
wangkaiwen820,DFKmoquT8JC
xbabyx520,DViEdzjE8l3
yoooniii___,DXO_x8xE1vN
zona.ccc,DXO8Pg-k1vH
laurenveur,DXO3_9fESMc
c13nn,DXO9VFSE8Pw
lichenghaos,DR1q37PkheI
lichenghaos,CmtJJ2eJyN4
lichenghaos,DSPZo0CEmAB
_i_i_dayday,DXO8qHqErV5
lyc._.16,DXO3GWbjKE9
2.20_l,DXPAtIrifsw
lees_is_me,DXPHr8Mk8hb
xbabyx520,DXPAuzykzGa
vigueurchen,DXPB4xME2AO
vigueurchen,DRUDkmlkw6v
vigueurchen,DQHUCNcEzfN
lun.tw,DXPA39dkyF3
apple_misscrazy,DXMUQc8kShB
dododo_yu,DXPMdgyk18b
dododo_yu,DW9CH7NgdDW
dododo_yu,DWgh78cgS3Y
coffeewayne_,DXPLUm6k3uh
made.with.gold,DRAAj7Rk_9a
made.with.gold,DFX4PJbzFfQ
made.with.gold,DK_OVK7TCSA
frannie0420,DXPhnmuAXeg
frannie0420,DXH4-u7gUCZ
frannie0420,DWtCX6gFVci
yuus2.0,DXQfmUQD6zm
ooxxq60297ya,DXQubwZP_W9
weiweibig,DPgPR4aD8cF
weiweibig,DXQ0Je-kjrY
l1vius07,DXRITeEE1Qh
hl_yuan,DXRP8O0CTvy
chelseafoodlife,DW8HlbAE7Ve
chelseafoodlife,DV3T9eik_dC
chelseafoodlife,DXRU7YIk5tr
nene_shao,DXRXf8Bk_k3
ning3035,DXRWAEVj30b
qdd_x1,DXRULhhCaVb
ellieciouss,DXRitDDj5o4
ooxxq60297ya,DXRfCOBlLN1
plgm_0827,DXRbD_tzFns
wayne__yeah,DXRizY1Em3K
yoooniii___,DXRg5QNE5ZV
c13nn,DXRh4LWEzFp
jefferyjuniorr,DXRhn-LpMsD
mythekai,DWgZFzKhWvF
_i_i_dayday,DXRiOE2Ev-K
lyc._.16,DXRcxr2DaOz
brian_diandan,DXRcxr2DaOz
2.20_l,DXRkKlniVQD
homei0416,DXRoACCEuG9
joliechi,DXRjVufCUN4
lees_is_me,DXRqHVsE0HN
teacherchiang,DXRjoIIAr0B
thedodomen,DXRmBD6ksrk
1_shiuan_0,DXR2iUKkuIc
noloveclub127,DXR5D0yE-Yl
noloveclub127,DWQoi0pkV7d
ch.ineffable,DXTFglNEXTd
elun1020,DXTMvkvEyOA
l.chingchun,C444bhLPwnI
l.chingchun,DPvrD4ACen2
l.chingchun,DJL2LzBzhsL
m____sir,DXTP_SSk_9z
ooxxq60297ya,DXTFq63AFkK
rrei_ier,DXTO3-Dj39H
yoooniii___,DXTQhUAE8aA
mimi00419,DXTfQscmPcM
gdan_pudding,DXTkOxoEbfC
apple_misscrazy,DXTkOxoEbfC
apple_misscrazy,DXQ-v3niT9H
tsengsean,DXTuEyJAQ86
frannie0420,DXTzVl7AXT_
kcting_____,DXT41_ZCSu2
zona.ccc,DXT5Sock_WZ
lyc._.16,DXT8cE5ymfx
althea_hsingan,DXUBpalE7_f
althea_hsingan,DXRfDRgPiwm
ellieciouss,DXUG2LTj8ou
ning3035,DXUEDioD0W9
teacherchiang,DXUFa6kApAY
thedodomen,DXUG79ND6rh
jefferyjuniorr,DXUGV0fJD9R
_i_i_dayday,DXUGsa8kiLr
___hsun____,DXUKf68k9sA
2.20_l,DXUIECSiTAn
lees_is_me,DXUSzrwk12o
maygobla,DXUOIxHCfoT
weiweibig,DXUJ-BSSHDm
xin_yeee719,DXUJHfnEhUC
c13nn,DXUJdWkk2Vq
coffeewayne_,DXUPdK-k25H
snoop123v,DXUOz1Dj1Wh
cailingliou,DXUTrCAkybH
helloiamhook,C3RTR9aSklC
helloiamhook,CvHv5TeyP-O
helloiamhook,ChCbepFLZ01
laurenveur,DXUWISJkY4q
ch.ineffable,DXVpzxREf-b
hoelaine1116,DXVuc0cj3Wt
hoelaine1116,DXLfQa4Dztj
im_lilflower,DXVtsAvEzNH
qqamy0720,DXVrwiZk-1-
chelseafoodlife,DXWOjQdkxI0
ethan_hung3513,DXWGLO0kpaq
ethan_hung3513,C7i_h7rOokE
ethan_hung3513,C1Bxlipuwc0
illywang,DXWMHU3gTTv
ooxxq60297ya,DXWOdrgETzr
alferdpacker69,DXWTslDCdTi
arielsvlog_816,DXWalkiEpDC
gdan_pudding,DXWa6WKE1cr
itspeachi_,DXWbdt9EXPV
c13nn,DXWbAJrk5NR
hl_yuan,DXWaR7AkeSB
2.20_l,DXWs2SdCbVQ
althea_hsingan,DXWq6zxPahM
evalin555,DXWpW9QkiQd
joliechi,DXWi4nkCfXO
lees_is_me,DXWxH7ck4DF
qdd_x1,DXWjF66CY4C
teacherchiang,DXWh6hOAjQX
thedodomen,DXWrsWADvky
wayne__yeah,DXWscFEkgZF
laurenveur,DXWkkfqka-9
jefferyjuniorr,DXWrZNrJIzC
_i_i_dayday,DXWrnE2kpMv
lyc._.16,DXWkzCVDEE9
brian_diandan,DXWkzCVDEE9
cinderzoee,DXWx4fvD3Hd
ellieciouss,DXWxmQXj6iv
ooxxq60297ya,DXW6Qq9lGGJ
yoooniii___,DXWkipbD2-t
zora_1024,DXWyibZGF5Y
frannie0420,DXW-L9ggRkb
ch.ineffable,DXYWbrWkYqw
elun1020,DXYQJTxT0Ff
hoelaine1116,DXYSZGYDz-M
pigcatmama,DXYWQrhk4wg
1_shiuan_0,DXY5AsBEe9C
chelseafoodlife,DXYzxMbTYy4
tsengsean,DXY2wSAgXY9
cindyhhh32,DXZBxG1E3-H
yuus2.0,DXY9NTsDzHl
___hsun____,DXZIjzjE3NE
2.20_l,DXZUF9NieqG
arielsvlog_816,DXZQNwUEiql
ellieciouss,DXZOuYEDwno
evalin555,DXZSwdEiSr9
homei0416,DXZJdClknTb
illywang,DXZGLcaAR0H
ntsai25,DXZR6F_k5Wq
ntsai25,DXUMTFak2xh
ooxxq60297ya,DXZTMtVFDNU
wayne__yeah,DXZWaztEoL6
jefferyjuniorr,DXZQJ9XJbr3
_i_i_dayday,DXZQzS6gQZx
brian_diandan,DXZQJ9XJbr3
lees_is_me,DXZZmF5EyEN
laurenveur,DXZZWrPEWke
snoop123v,DXZXwkWkvjP
gdan_pudding,DXa3pglkwoz
ooxxq60297ya,DXa4WhLACNO
ooxxq60297ya,DXbQ6E6kqVo
chelseafoodlife,DXbZCnGE3N7
ning3035,DXbapqcj8yF
ooxxq60297ya,DXboMHAlExn
zona.ccc,DXblCqYD7Av
hl_yuan,DXbhmzDCZuY
2.20_l,DXbyYCeiZaZ
althea_hsingan,DXUdhgDk_Ym
althea_hsingan,DXZPxAwvt_k
apple_misscrazy,DXbq5knkzsB
ellieciouss,DXb4QrGD267
elun1020,DXbuOTKE8tG
illywang,DXbkXWUiMr_
mimi00419,DXbeQragF0-
nene_shao,DXbsB4tE6LU
qdd_x1,DXbwRWSiWdg
teacherchiang,DXbr8jsjwZR
wan_ting_tsai_,DXbqizYDgZj
wayne__yeah,DXb1vuNDw_S
yoooniii___,DXbvnjYEy88
laurenveur,DXbvo-zESVz
jefferyjuniorr,DXb0hBkpEuo
snoop123v,DXbsNTDEgwE
_i_i_dayday,DXb1Bj-Ej1s
lyc._.16,DXbstrAD-MB
evalin555,DXb_Ep9kr1w
joliechi,DXb95H6ieCP
lees_is_me,DXcDSjJE5DC
maygobla,DXb8DRnkTGj
rockerivanliu,CxfA3fipMfR
rockerivanliu,C6TUbf2J3V4
rockerivanliu,Cxb8o2DJyCJ
syrinxcat,DXb79DIlESR
xin_yeee719,DXb8hz1Ei8i
yi_chan_liang,DXcEsSMEV5f
evalin555,DXdSP1rEj5p
51yui_,DXdc56AAWy9
ooxxq60297ya,DXdueouFk2a
chelseafoodlife,DXd8qA2E041
ning3035,DXeFjgoD0o3
rrei_ier,DXeEJgVj1Nc
teacherchiang,DXeIliij5Jh
weiweibig,DXeGXg9Eqql
chiao_w,DXeOtTGEvf-
chiao_w,DWl-HwRkrqc
chiao_w,DWEHd9AEn01
gdan_pudding,DXeSmEwEy-M
lyc._.16,DXeR1-bj6EJ
2.20_l,DXecCkiCZzt
althea_hsingan,DXeZUjQE5x2
ch.ineffable,DXeX9OMEWjn
cody.0928,DXeXyWXjw28
ellieciouss,DXeVu08D9TL
lotmainidea,DXecZTEjwYS
tanmilin,DXeboZImARN
tanmilin,DXeOg_FEzzP
thedodomen,DXeaGwYjRl-
wayne__yeah,DXedQU2D9cq
yoooniii___,DXecKquE9l5
jefferyjuniorr,DXeVu08D9TL
lun.tw,DXeUCTCE-3u
_i_i_dayday,DXeZxHFksyD
brian_diandan,DXeYTW4Ee0u
lees_is_me,DXejesIiZxB
yuus2.0,DXf6Uc7j7iS
cindyhhh32,DXgAaT2E3s_
ooxxq60297ya,DXgFD_XFIx4
tsengsean,DXgBDBbARia
zora_1024,DXgCPLigQce
gdan_pudding,DXgYKR1k4VX
elun1020,DXggPVijp5P
selinalee_0126,DXgsiiIGuiT
selinalee_0126,DXMOHQzgmne
wan_ting_tsai_,DUafxs9AdZy
hl_yuan,DXgsBYmiWdY
snoop123v,DXgA-BBjUV4
1_shiuan_0,DXgvhE4kcsq
arielsvlog_816,DXgxy1RErpx
kcting_____,DXgxtj7CRPG
run_fong0526,DXg1kVDDPSl
run_fong0526,DWT7dhZEUuV
run_fong0526,DWL569CkT_6
teacherchiang,DXg2bgLD_Zo
___hsun____,DXhBtoeE04d
2.20_l,DXhDqn9ia3U
ch.ineffable,DXg380zkRRF
ellieciouss,DXg-m9gDzBn
hoelaine1116,DXg9-r5j5Gx
hsuan09876,DXhE7jekW2b
hsuan09876,DW1IrewEfkF
hsuan09876,DWoPym9EZ6k
nene_shao,DXg94P1k0mO
zona.ccc,DXg7I17j909
c13nn,DXhB0fPEwzP
jefferyjuniorr,DXhF8GLiW_-
_i_i_dayday,DXg-r0pkiWk
brian_diandan,DXg-r50kpYa
lees_is_me,DXhJgUTE2iu
ning3035,DXhHxOQD_9d
ch.ineffable,DXilbYmEbVh
chelseafoodlife,DXiryQcE_6Q
hoelaine1116,DXilnk4j8xM
mimi00419,DXijSJwj9JM
cailingliou,DXi0zuXk4J3
ooxxq60297ya,DXivArkgFNf
mrcheu1019,DJbiAIvTvNH
mrcheu1019,DC3oyYqzCT0
mrcheu1019,Cogkua8A-R1
ooxxq60297ya,DXjHK3REpFm
lun.tw,DXjOu88E2yr
diamond1018,DXjOW5pkS6m
diamond1018,DV7nTA2EQAb
diamond1018,DVtIHorkZx4
yi_hsien_1123,DXjQrJwE81v
annie19880521,DXjZggPE95u
ntsai25,DXjWfykE7G0
2.20_l,DXjkU-WCRcd
evalin555,DXjOW5pkS6m
ning3035,DXjc6f6DxyM
zora_1024,DXjg5HZAcyX
jefferyjuniorr,DXjjVEcpH_7
dylee.an,DXjjVEcpH_7
_i_i_dayday,DXjjT4wErq6
lyc._.16,DXjcb8oD4N3
___hsun____,DXjqawZkwWT
ellieciouss,DXjlYnID_jN
qop0102qop,DXjr0yElHO1
teacherchiang,DXjl2PajwvZ
wayne__yeah,DXjk5s0jydE
laurenveur,DXju4_-EXXX
lees_is_me,DXjwsXxE8TO
zona.ccc,DXj0KpmjzHg
vv_levia,DXj3bzHk2_B
ch.ineffable,DXlI52lkXVg
nene_shao,DXlRAikk8DC
ooxxq60297ya,DXlVlWVkixP
hl_yuan,DXlzlduEvyu
snoop123v,DXljAUtEl_q
51yui_,DXl9KLjgWUM
diamond1018,DXl8mkaFFsv
yuus2.0,DXl9mhFD_5c
zora_1024,DXl_sa1lLZf
2.20_l,DXmJKpSiaBy
ellieciouss,DXmJHe_D3Hs
kcting_____,DXmBNMVif7y
ntsai25,DXmDnb2E9iw
qdd_x1,DXmGOcpCVC6
qqamy0720,DXmCS8Wk9wZ
thedodomen,DXmJiLEEsNi
xin_yeee719,DXmKQU_EmKV
jefferyjuniorr,DXmIG6ypgen
lun.tw,DXmEnjPk_Ve
_i_i_dayday,DXmIo_jklLw
lyc._.16,DXmFQjZD0jV
brian_diandan,DXmCE7tETd-
im_lilflower,DXl4VCzlw0p
lees_is_me,DXmTQ4DE7sm
m____sir,DXmTgoNk3dY
maygobla,DXmMFh9kZVy
ooxxq60297ya,DXmLmgIlP-u
laurenveur,DXmYKAHEfng
joliechi,DXmb-8viahG
yoooniii___,DXne6I7Eyyz
51yui_,DXnu6WygfNG
ch.ineffable,DXny_H_kTc9
ooxxq60297ya,DXn_DxrGZMu
kcting_____,DXog-EtCTBo
xbabyx520,DXok3j1Ex2c
snoop123v,DXokZL7knR6
___hsun____,DXovKTRE2mU
althea_hsingan,DXoshHyvBm1
chelseafoodlife,DXotpDEE9tk
dododo_yu,DXoyAw7gd3w
ellieciouss,DXoxVGOj3sj
l1vius07,DXooUsNk_r1
ooxxq60297ya,DXouPFPFCFR
qdd_x1,DXoyyW8ibe8
qqamy0720,DXomPhHE06U
teacherchiang,DXosyOWDxqq
thedodomen,DXotNUjjXhW
wayne__yeah,DXovmFlDwtn
weiweibig,DXowi_jEkbx
yoooniii___,DXot_-ek6UY
yuus2.0,DXozOMxjyqD
c13nn,DXosjyrk3V_
jefferyjuniorr,DXos4Empp2Y
veedachang_,C8BrqqavDBw
_i_i_dayday,DXotKHVEvo7
lyc._.16,DXomTz5D_j2
brian_diandan,DXomI2wkfLD
lees_is_me,DXo8QqLk4Vo
laurenveur,DXo4_HFkWPQ
dododo_yu,DXpypQAk6Fq
hoelaine1116,DXqT480jwFV
apple_misscrazy,DXqbHk5E44M
cindyhhh32,DXqwFNXE_Cn
tsengsean,DXq5yUQAfQs
dododo_yu,DXq9WiZywM4
evalin555,DXrIfRolKp2
l1vius07,DXrBrrpkxiP
l1vius07,DXjKe5BAUVB
vv_levia,DXrC1LQk43e
yoooniii___,DXrJrjpE-42
hl_yuan,DXrAGjQiecP
lyc._.16,DXrKbhXD0MD
ch.ineffable,DXrTh5xkT49
ellieciouss,DXrSm6uj3gK
elun1020,DXrKXubE39m
homei0416,DXrSIQgE997
nene_shao,DXrQecDkyXQ
ntsai25,DXrWKrEk3VB
pigcatmama,DXrVWqBE8tD
plgm_0827,DXrKj5ND32l
qop0102qop,DXrSlp0AgPN
teacherchiang,DXrRjevj-Mb
jefferyjuniorr,DXrQ8FHptJx
snoop123v,DXrUNp5khKo
_i_i_dayday,DXrYhtYEjmL
kcting_____,DXrrwaVCTiX
lees_is_me,DXrcDCYk02R
myrna.17,DXrdawAjyhu
run_fong0526,DXrehhTEe7n
ch.ineffable,DXs3wFiEZOb
david_der_der,DPvzYB_Ev8S
david_der_der,C9RD12AzBK8
david_der_der,DWoHcq7gG1W
weiweibig,DXs3p3Nkqcd
snoop123v,DXovdVigWfM
hoelaine1116,DXs5wqNjzgN
mimi00419,DXtJlUYD0YD
ooxxq60297ya,DXtBp3rjal_
ooxxq60297ya,DXq3byrFIUs
51yui_,DXtaTQThAU_
chelseafoodlife,DXtaIoUzhVa
arielsvlog_816,DXtl4J9EijV
dododo_yu,DXtiE0zSn3l
homei0416,DXtak2gFQgf
joliechi,DXtoxlSph47
kcting_____,DXtqSoeiWw8
l1vius07,DXtozzTkwmB
ooxxq60297ya,DXto7dmGiZ2
rrei_ier,DXtsKRhDxPF
thedodomen,DXtiRvbjbWv
weiweibig,DXtalHLD-RX
xbabyx520,DXtf8U4k1fG
___hsun____,DXt5u8vkyZH
1_shiuan_0,DXt45lMEbyf
althea_hsingan,DXt26SJE5DV
chiao_w,DXt5tnJk901
cinderzoee,DXt8p8xDxFH
ellieciouss,DXt5SYWD_w9
gemma_chang,CpAB_pEg977
gemma_chang,DXt9xIXkyt2
lees_is_me,DXt5bC0k_cT
nene_shao,DXt6Jq6E6Yl
ntsai25,DXt2mpIzoGq
teacherchiang,DXt2U5DkU2M
vv_levia,DXtuxq7CWCw
wayne__yeah,DXt2jMfCfBa
yoooniii___,DXt9mHhE_jj
zora_1024,DXt3-eelHJX
c13nn,DXt3L96E2Xj
jefferyjuniorr,DXt2jMfCfBa
dylee.an,DXtzD_XiShf
lun.tw,DXt8fiZgT6f
_i_i_dayday,DXt3LH1Eo0d
lyc._.16,DXtvB7jD0-Z
laurenveur,DXuCUZEEfna
zora_1024,DQwVNu9ErVs
zora_1024,DRD808ukvBZ
zora_1024,DSCryIXEk8z
mimi00419,DXvdr6jlbHQ
ooxxq60297ya,DXvedhWA0DB
chelseafoodlife,DXv_VFtE0W2
diamond1018,DXv4j4MRjXW
snoop123v,DXv7mnLyKxm
ning3035,DXwGaevPz99
ooxxq60297ya,DXwNFRtlHyT
teacherchiang,DXwKVcpFNdf
tsengsean,DXwE9zehJW2
zona.ccc,DXwOXC9vJuY
hl_yuan,DXwJBBMCdMa
___hsun____,DXwhY42zbPW
1_shiuan_0,DXwgqKWxTzN
althea_hsingan,DXwa3pfPQdg
ellieciouss,DXwbdqfBEx8
evalin555,DXwd30JSGlO
gdan_pudding,DXwf-sxzXmJ
hsuan09876,DXwVw7Yxrp3
nene_shao,DXwc7ZDzDuV
tanmilin,DXvlstxTqM4
teacherchiang,DXwbdZHPjIx
thedodomen,DXwcLwvgcQ2
yoooniii___,DXwjZeSk3Oz
yuus2.0,DXwYnH0vgFW
jefferyjuniorr,DXwbNrrpZwX
lun.tw,DXwWtNFT0n1
_i_i_dayday,DXwbeqnSH9e
annie19880521,DXwiTXuzpf_
cinderzoee,DXwuP-uv3K7
lees_is_me,DXwnUu5zFX9
mimi00419,DXv227fRU8m
51yui_,DXyEaHvBMTA
apple_misscrazy,DXyAIOdzpJb
ch.ineffable,DXyAOsHxI7B
hoelaine1116,DXyCYliva3J
hungkai.c,C_8CuFsTYAI
hungkai.c,DIGsUBeTeWQ
hungkai.c,DHQzYL4TJvs
m____sir,DXyCkVSk3si
david_der_der,DXygQcXFJJ1
mimi00419,DXyyJswNaGP
ooxxq60297ya,DXyypR2Bq3D
run_fong0526,DXyuUrMRhm6
yi_chan_liang,DXyrcXwRW0D
lyc._.16,DXyzakssg7q
arielsvlog_816,DXy0mizSmBA
cindyhhh32,DXzAoUfE9yb
ellieciouss,DXzDK-jPvU4
elun1020,DXy5gUtE7ie
kcting_____,DXy08wlpzpv
teacherchiang,DXzARquj6bs
thedodomen,DXzAbDvivfx
yoooniii___,DXy1FbDT9L1
c13nn,DXzByqpTTQd
jefferyjuniorr,DXy_HtTJybQ
coffeewayne_,DXy-XMbkyBd
_i_i_dayday,DXzAYJOyxsU
homei0416,DXy-O5YzPON
lees_is_me,DXzNu0oTU0j
laurenveur,DXzGGsAROTf
myrna.17,DXzYEbKPTes
yoooniii___,DX0e1gak6-K
diamond1018,DX0utz1RAdA
tanmilin,DXwZaVmz_PJ
snoop123v,DX0ydTOSGMy
kcting_____,DFr5nzZS8Ay
apple_misscrazy,DX0sW2cp8Cc
yi_hsien_1123,DX1O_kjk3Bc
hl_yuan,DX1RbhnJPfB
lyc._.16,DX1adNdsXgw
jefferyjuniorr,DX1k4nUptxA
_i_i_dayday,DX1k4Qqymil
ch.ineffable,DX1pmy6ESbl
ellieciouss,DX1p3ttvoTl
lees_is_me,DX1vDQGzo_a
qdd_x1,DX1tw9JiXr6
zona.ccc,DX1pc73mWxe
laurenveur,DX1sgqrkT7A
cailingliou,DX13M1VT_PX
syrinxcat,DX1zRoYh27T
